 cheese, olives,mushrooms, corn
 olives, onions,mushrooms, corn,tomato
 corn,olives
 corn, mushrooms,olives,peppers, anshoby,tomato
peppers,olives,tomato, corn
 olives,cheese, corn,onions
 olives,cheese,mushrooms,corn, anshoby
cheese, anshoby,corn, olives
cheese,peppers, olives
mushrooms, corn,olives,cheese, tomato
 tomato, olives
 onions, corn,tomato,olives
 corn, anshoby,olives, peppers,cheese, tomato
 olives,tomato, corn
 tomato,olives
 olives
onions, corn,tomato, cheese, olives
 tomato, cheese,olives,anshoby
cheese,corn, peppers,mushrooms,tomato
tomato, cheese,peppers,onions, anshoby,olives
 corn, cheese,tomato, olives
peppers, anshoby,onions, olives
 olives, onions,cheese,tomato
cheese, onions,tomato,olives
 cheese,anshoby,corn
 peppers, tomato, olives
 cheese, onions, olives, tomato
mushrooms,onions,cheese, olives, tomato
anshoby, olives,tomato
 olives,tomato
 olives,cheese
onions,anshoby,corn, olives, cheese,tomato
 onions, tomato, cheese, peppers, olives
 peppers,onions, olives
cheese,peppers,olives, tomato, corn
 onions,cheese, tomato,olives,anshoby
olives,cheese, peppers,onions, corn
 olives
corn, anshoby,onions, mushrooms, tomato
 anshoby,corn,cheese
peppers, onions
anshoby,corn
olives, tomato
cheese, peppers, olives,tomato
olives
olives, corn,tomato, peppers
 corn, cheese, tomato
 cheese, olives, tomato, corn
 olives
 olives,tomato, mushrooms,cheese,corn
 peppers,tomato
 peppers,olives, onions,corn, tomato
olives,corn
 peppers,olives, corn
olives,tomato, mushrooms,corn
olives,cheese,peppers, corn
tomato,olives, cheese
tomato, peppers, onions,olives
mushrooms,olives,cheese,tomato
anshoby,tomato,olives, corn
tomato, olives,cheese
 peppers,mushrooms, olives, cheese
 tomato, olives, corn
 corn,tomato,onions
tomato, olives, cheese
 cheese,olives, tomato
olives, onions, peppers, anshoby, tomato,cheese
 tomato,anshoby, mushrooms, cheese
 corn,tomato
olives, corn,peppers, mushrooms, tomato
 olives,anshoby
 tomato, mushrooms, corn
tomato,corn
 olives,anshoby, tomato, cheese
 onions, peppers,cheese,mushrooms, tomato,anshoby
 cheese, peppers, olives
 tomato, mushrooms, anshoby,olives
 mushrooms, peppers, onions
 corn, olives,tomato,peppers, cheese
olives,corn
cheese,peppers, mushrooms, tomato
 tomato, peppers,cheese
anshoby
 anshoby, onions
 corn, mushrooms,onions,anshoby
 mushrooms, tomato
tomato,olives,peppers,mushrooms, anshoby
peppers,corn,cheese, anshoby,tomato
tomato, olives
 tomato,olives, cheese
olives,cheese,corn
 peppers,tomato,cheese
tomato
tomato, anshoby, olives,cheese
 peppers,cheese,tomato
 olives, peppers, tomato
peppers,corn,onions,cheese, anshoby,tomato
tomato,olives,mushrooms,cheese,anshoby
 corn,olives
olives, onions, anshoby,peppers,corn,tomato
olives,tomato,cheese
olives,tomato,corn,mushrooms
mushrooms,cheese
cheese, tomato, peppers, olives
olives, peppers,tomato
tomato,olives,anshoby
 onions, corn, cheese, olives
 tomato, olives,corn,peppers,onions, anshoby
 mushrooms, tomato
onions,anshoby,olives,tomato
olives,peppers,onions
olives, cheese,peppers,mushrooms, tomato
onions,tomato,olives, cheese,corn, peppers
olives,peppers, anshoby,tomato
 tomato,olives,mushrooms
 anshoby, corn, cheese
cheese, olives
 corn, olives, mushrooms,anshoby
anshoby,tomato,onions, corn
cheese,corn,tomato
 peppers,olives, cheese
olives,tomato, peppers, corn
cheese, tomato, olives
 corn,cheese, onions, olives
tomato,cheese
cheese, olives,tomato, corn
anshoby,onions,mushrooms,corn
 tomato,olives, cheese
 tomato,olives
tomato,peppers,olives, corn
 tomato,cheese
tomato,cheese,olives,corn
 onions, corn,olives
 tomato, cheese,olives
 cheese,tomato, onions
anshoby,tomato, onions
 peppers
 olives,cheese,onions
 mushrooms,corn, cheese, olives, peppers, tomato,onions
 tomato,cheese
 olives,onions, cheese
anshoby, tomato, mushrooms,olives, cheese
tomato, olives,onions, anshoby
 tomato,olives, anshoby
tomato,olives
 peppers,cheese,olives
 cheese, corn, tomato
 cheese, onions, olives,peppers,tomato
peppers, tomato,cheese, corn,olives
cheese, olives,onions
 anshoby, tomato
 tomato, peppers, corn, olives, onions
cheese,mushrooms, corn
 corn,olives, anshoby, cheese
 peppers, anshoby, tomato,olives, onions, corn
cheese, mushrooms, corn, olives
anshoby, olives,tomato
onions,olives,corn,tomato
mushrooms,tomato,cheese,onions, corn,olives,anshoby
 peppers,tomato, olives, mushrooms,corn
tomato,corn,peppers,olives
corn, olives, onions,tomato, mushrooms
 mushrooms,corn,peppers
 tomato, cheese, olives
 olives,cheese,tomato
 cheese, tomato,anshoby,olives
 tomato,corn, cheese,olives
olives,onions,mushrooms,cheese
cheese, anshoby
peppers,onions, olives,anshoby
 peppers,tomato,corn
 corn, olives,anshoby,peppers
olives,mushrooms, peppers, tomato
onions,olives, cheese, tomato
onions, anshoby, olives
 corn, olives
onions,olives,anshoby, cheese, corn
 onions,anshoby
tomato, onions,olives,peppers
mushrooms,cheese,olives,onions, tomato
tomato,corn
 corn,tomato, olives
 tomato,olives,mushrooms, corn,onions
anshoby, cheese,olives, tomato,peppers
 onions, corn,tomato
 olives,peppers,anshoby
 olives,cheese,tomato
 anshoby, tomato, corn
onions, corn, peppers,olives
cheese
 olives,corn
corn, mushrooms
 olives, cheese, corn
olives,tomato
 tomato
 onions,cheese, peppers,tomato
corn,anshoby, tomato,olives, peppers
tomato, corn, olives,anshoby
mushrooms, peppers,cheese,tomato, olives,anshoby
corn,olives
olives,mushrooms,corn,tomato
olives, cheese
 anshoby, tomato, mushrooms, olives,cheese
tomato, anshoby, onions, olives
tomato,onions,olives
 peppers, olives, cheese, tomato
anshoby,mushrooms, olives,cheese
mushrooms,corn, olives, onions, anshoby
peppers,olives,anshoby,cheese,tomato, onions
cheese, tomato,peppers,onions
olives, anshoby,cheese
 tomato, cheese,peppers
 cheese
 olives,tomato,cheese
cheese,tomato
 corn,tomato, olives, anshoby
 corn, olives
tomato
 olives, anshoby
 corn, mushrooms,tomato, olives
cheese,onions, tomato
tomato,olives, mushrooms
onions,olives, tomato,corn
 cheese, corn, tomato, olives
 olives,mushrooms, tomato, cheese
cheese, mushrooms, corn,anshoby,onions,olives,peppers
 anshoby,tomato,cheese
cheese, anshoby, corn
peppers, tomato,mushrooms,onions
tomato, anshoby,cheese
 tomato,olives,corn
olives,cheese
cheese,olives, mushrooms, tomato
peppers, corn, cheese
onions,tomato, cheese
 anshoby,tomato
olives, tomato,corn, peppers
corn,tomato, olives
anshoby, cheese,corn, olives
 olives,corn
onions, corn,cheese, anshoby, olives
tomato, onions
tomato,onions
 peppers, mushrooms,olives,cheese,tomato
 onions, olives, tomato
olives, cheese
olives,peppers,anshoby
 olives
 olives, tomato,anshoby
cheese, olives
cheese, tomato,onions
 mushrooms,cheese,tomato,onions
mushrooms, tomato, olives
 tomato,cheese, onions, olives,anshoby
 tomato, cheese, corn,onions,olives
 olives,mushrooms
 olives,tomato, corn,onions
tomato, olives
tomato, olives, cheese
 tomato,corn, olives
corn,olives
mushrooms,olives, tomato
 anshoby,olives
cheese, olives
 olives, onions
cheese,corn
 tomato
 tomato,corn, peppers,olives
olives, peppers, onions, corn
onions, anshoby,cheese,mushrooms, tomato, corn
 corn, olives, tomato, cheese
tomato, peppers,cheese, olives
anshoby, corn, onions,olives
 tomato,onions,anshoby,peppers, cheese, mushrooms, olives
corn, tomato, cheese
 onions, peppers
 olives,tomato, cheese, onions, peppers, mushrooms
 anshoby, mushrooms
 corn,olives, tomato, anshoby
 olives
 cheese, olives, anshoby, peppers, corn
 tomato, onions
anshoby, corn, olives
 cheese, olives,tomato
cheese,peppers
 olives
 olives,cheese
 cheese, onions, olives, corn
tomato
 olives, mushrooms,tomato, corn
 olives,tomato,cheese
 tomato,olives,corn, peppers
 corn, cheese
corn, mushrooms, cheese,tomato,anshoby
 tomato, corn
tomato,peppers,mushrooms, olives
 olives, tomato, mushrooms,onions, peppers,cheese
corn,tomato, olives,cheese
 corn,peppers,olives
anshoby, olives, onions, corn
olives, cheese
tomato,corn,mushrooms, anshoby,olives, peppers
 onions, peppers,mushrooms,olives
mushrooms, anshoby,olives,cheese
anshoby,mushrooms, olives,tomato
olives, peppers
olives,cheese
 cheese,olives, corn
olives, corn
 mushrooms
peppers, onions,cheese, tomato, olives
olives,onions
 cheese, olives, tomato, corn, peppers
cheese, olives, onions, tomato
 peppers, cheese,olives,tomato, corn
 olives,cheese, onions
 olives,tomato, corn
olives, corn,cheese
 olives, tomato, mushrooms
 olives, onions, corn, cheese
 onions, tomato,cheese, olives
 olives, onions
 tomato,peppers, anshoby,corn
tomato,cheese,onions
 tomato,peppers, olives
olives,tomato, corn
tomato, corn,onions
olives,cheese,onions
olives,cheese
olives, peppers
 mushrooms,olives, corn
 olives,anshoby,corn
corn, olives,tomato
corn,onions,peppers, olives
olives, tomato,cheese,peppers, corn
olives,peppers,onions
 anshoby,tomato, corn, olives,onions
tomato,corn, anshoby, olives
 cheese, tomato, anshoby
olives,cheese,tomato
 anshoby,cheese, onions,olives, corn
anshoby,corn, cheese
 corn, onions, tomato,olives
 tomato,peppers,cheese,olives
olives,anshoby
mushrooms, olives, corn, tomato
 olives,corn, mushrooms,anshoby,tomato
tomato,peppers, olives
olives,tomato
tomato,olives, corn, peppers
 olives, peppers, cheese,tomato
 corn
tomato
tomato,onions, cheese, peppers
olives,cheese,onions
 anshoby, cheese, olives, tomato
 anshoby,peppers, onions,olives,corn
tomato, cheese,onions,corn, mushrooms
 onions, tomato,anshoby
onions, tomato,olives,anshoby
onions,olives,anshoby, tomato,cheese,peppers
 onions,olives,cheese
corn,tomato
 corn
corn,cheese,anshoby
tomato, peppers,olives,cheese
 onions,anshoby,corn,tomato, mushrooms, cheese
 olives, tomato, peppers, corn
cheese, peppers,olives
 olives,tomato, corn
peppers, olives
olives,cheese,tomato
tomato, olives,corn
 tomato,olives
cheese, tomato, olives
 tomato
 corn,tomato
 tomato,olives
 cheese, olives, onions,corn, tomato
tomato,anshoby,cheese, corn
olives, tomato
 anshoby, onions, corn
 peppers,olives, onions,corn,cheese,mushrooms
tomato,cheese
olives, tomato, mushrooms,corn, cheese
peppers,mushrooms, tomato
 olives,tomato
 olives, mushrooms,corn
olives,corn, anshoby
 olives, corn, peppers
 corn,cheese
cheese, tomato,onions
 corn,cheese,anshoby,olives,tomato, mushrooms
corn,olives, cheese
cheese,olives,corn, mushrooms
 cheese,tomato, corn, olives,peppers
cheese,tomato, olives
 corn, olives,tomato
 anshoby,tomato, olives
 tomato,olives
 mushrooms, corn,anshoby,olives,tomato
 corn,olives,onions, tomato, cheese
 olives, cheese,mushrooms
 tomato,olives, onions
 olives
 tomato,olives, peppers,corn
peppers, tomato, onions,olives
tomato, mushrooms
 corn, olives,tomato, cheese
 cheese,mushrooms, olives,corn
olives, cheese, tomato, corn
 anshoby, olives, tomato, peppers, onions
 tomato, olives
 olives, cheese,tomato
anshoby,peppers,cheese, onions, corn
 peppers, anshoby,onions
 onions,tomato,mushrooms
anshoby,tomato, olives, onions,cheese
 olives, tomato,corn
anshoby, tomato,peppers,cheese,onions
 olives, tomato, corn
olives, tomato, cheese, anshoby, onions
 anshoby, olives
 anshoby,olives,cheese,tomato,mushrooms
 olives,anshoby
cheese,tomato
onions,tomato, cheese, anshoby,olives
 anshoby,onions, peppers, corn
olives, tomato
tomato
 tomato,corn, cheese,onions
cheese, mushrooms,olives, onions
tomato, peppers, olives, corn
olives, tomato,anshoby, onions
peppers,onions
 olives, peppers, cheese, anshoby
 olives,tomato
tomato, olives
 peppers, mushrooms,anshoby,olives
anshoby, mushrooms, peppers
 tomato, anshoby, cheese
 tomato, olives
 tomato, olives,onions
olives,corn, onions
onions,tomato,corn, anshoby
corn,cheese, anshoby
tomato,cheese,corn
tomato,olives
 peppers, olives
tomato,onions,anshoby, olives
olives,tomato
 cheese,peppers, tomato
olives,cheese, mushrooms
 corn
tomato, anshoby,corn, cheese
 corn, tomato, mushrooms
olives, cheese, tomato
olives, peppers, corn,mushrooms, anshoby,cheese
tomato,onions
olives
tomato,olives
anshoby, corn,onions
corn,olives, tomato, cheese
 olives,peppers, corn,onions,tomato
tomato,corn, mushrooms
corn, cheese,olives, onions
 peppers,corn, mushrooms,cheese
 bulgarit,anshoby, pineapple, cheese, mushrooms, peppers,greenpeppers
 greenpeppers,harifpeppers,blackolives, pepperoni, mushrooms
 harifpeppers, bulgarit,olives,tomato, greenpeppers, corn,peppers, mushrooms
 tuna,corn, harifpeppers
 blackolives, tomato,bulgarit, cheese
onions,olives, tuna, corn, harifpeppers,pineapple,anshoby
 harifpeppers, olives, pineapple,corn,peppers, tuna, greenpeppers, pepperoni
 tomato,harifpeppers,onions, anshoby,cheesemix, pineapple, corn
 tuna,greenpeppers, harifpeppers, onions, cheesemix,bulgarit, cheese,corn
cheesemix,harifpeppers,pepperoni,tomato,corn, cheese, greenpeppers
greenpeppers, tomato
harifpeppers, corn, tomato
 greenpeppers, anshoby,harifpeppers,cheesemix,tomato
 bulgarit,pineapple, cheese,corn
corn, cheese,tuna, greenpeppers
 tomato,cheese, greenpeppers, onions,cheesemix,corn,pineapple
 tomato,greenpeppers, harifpeppers, blackolives, cheese, pepperoni
 pineapple,tomato, bulgarit, greenpeppers,harifpeppers,corn,tuna
 olives,pineapple,cheese,harifpeppers, onions,greenpeppers
 greenpeppers, cheese,cheesemix, tomato, bulgarit, olives
 corn,tuna,onions
greenpeppers,peppers,corn,olives, blackolives, onions, pineapple
 anshoby, tomato, greenpeppers,pepperoni, corn, cheese, tuna,bulgarit,harifpeppers
 cheese,bulgarit,blackolives, tuna, olives, tomato,harifpeppers,corn
corn, pineapple, olives,mushrooms,onions,greenpeppers,cheese
harifpeppers,tuna, peppers, tomato,corn, greenpeppers, bulgarit
peppers,anshoby, cheesemix,harifpeppers,pepperoni, blackolives, corn
corn,harifpeppers, olives,onions,anshoby,greenpeppers,peppers,blackolives, tomato
 harifpeppers, anshoby,greenpeppers,corn, tuna
 olives,pepperoni,greenpeppers
 tuna, bulgarit,greenpeppers,pepperoni,cheesemix,anshoby, tomato,corn
tomato, harifpeppers,blackolives, cheesemix, pepperoni,anshoby,corn,greenpeppers
 anshoby,blackolives,corn,olives,greenpeppers,tomato
 peppers,mushrooms, corn, greenpeppers, tomato, cheese,tuna
tuna,olives,greenpeppers,peppers, tomato,pineapple
onions,bulgarit,tomato, olives,harifpeppers,corn
 cheesemix,tomato, peppers, bulgarit, pineapple, greenpeppers, harifpeppers,tuna,onions,olives
 anshoby,pineapple,harifpeppers,tuna, greenpeppers,tomato,corn
pineapple, harifpeppers,corn,greenpeppers,tuna,tomato, cheese
 tomato, cheese,pepperoni, peppers, pineapple, cheesemix, greenpeppers,harifpeppers,olives
tomato, tuna,harifpeppers, greenpeppers,pineapple, blackolives,corn, pepperoni,cheesemix,onions,mushrooms,olives, cheese
bulgarit,greenpeppers,onions,cheese, harifpeppers,tuna, blackolives, pepperoni
 tuna,cheese, olives, greenpeppers,peppers, tomato,harifpeppers,bulgarit,corn
 pineapple, bulgarit, cheese, tuna, onions
 tuna, bulgarit,greenpeppers
tomato, olives, pineapple
 peppers
 pepperoni,corn, tuna,mushrooms, cheese, greenpeppers,pineapple
onions,corn, harifpeppers,tomato,pineapple, cheese,bulgarit
greenpeppers, corn, harifpeppers, tuna, anshoby, mushrooms, bulgarit, tomato, olives
corn,cheese, olives,bulgarit,pepperoni,tuna
peppers,tomato,olives, mushrooms, onions, harifpeppers, cheesemix, greenpeppers, corn
 pineapple,greenpeppers, peppers, harifpeppers
 anshoby,blackolives,peppers,harifpeppers, tomato
cheesemix,mushrooms,olives,harifpeppers,greenpeppers
corn, pepperoni, pineapple,olives, blackolives, cheesemix, tomato
cheese, pineapple,mushrooms, onions,tomato, corn,greenpeppers, harifpeppers,olives
 greenpeppers,tuna, harifpeppers,cheese,tomato
greenpeppers,cheesemix, bulgarit,corn,peppers,olives, onions,pepperoni, cheese,anshoby
 corn,harifpeppers, greenpeppers,tomato,pineapple, tuna, olives
greenpeppers, corn, onions, tomato,pineapple,cheese
pineapple, tomato,pepperoni, greenpeppers, cheese
 pineapple, tuna, greenpeppers, harifpeppers, cheesemix,peppers, corn
 greenpeppers,anshoby,harifpeppers, pineapple,peppers,tomato,corn
 pineapple, corn,cheese,harifpeppers, pepperoni,tomato,greenpeppers, blackolives, peppers
 blackolives, onions, greenpeppers, corn, peppers,tuna, pineapple
tuna,mushrooms,pineapple, tomato, harifpeppers,pepperoni
tuna, bulgarit, harifpeppers,tomato,greenpeppers, pepperoni,cheese,peppers,corn,pineapple
pineapple, harifpeppers,olives, corn,greenpeppers, tomato, blackolives
cheesemix, corn,tomato,bulgarit, onions
greenpeppers, corn,cheese
peppers, blackolives, harifpeppers, anshoby,greenpeppers, tuna,tomato
tuna, harifpeppers, peppers,corn, blackolives,pineapple, bulgarit,tomato
 bulgarit,harifpeppers,blackolives, tuna,corn,olives, cheese
 corn, peppers,harifpeppers,mushrooms,tomato
 bulgarit,tomato, greenpeppers,mushrooms
pineapple, greenpeppers, peppers,olives,cheese, bulgarit,tuna
 cheese,bulgarit,olives,tomato
corn, harifpeppers,cheese, olives, greenpeppers
 onions, harifpeppers, bulgarit
tuna, harifpeppers,corn, greenpeppers,onions, olives, cheese
cheese,tomato, mushrooms,corn
 bulgarit,harifpeppers,corn, greenpeppers, pineapple,tomato, tuna
 onions, tuna, pineapple,tomato, pepperoni
 corn, cheese, olives, greenpeppers, tomato,onions
olives,corn,greenpeppers,onions,tuna
 cheese,tomato,corn,cheesemix, greenpeppers
blackolives, harifpeppers, corn,onions, greenpeppers
 greenpeppers,pepperoni,olives, corn,tuna, anshoby, harifpeppers
 harifpeppers, corn,greenpeppers, pepperoni,tomato, peppers
 tomato, pineapple,mushrooms, cheese,pepperoni, greenpeppers
corn,peppers,bulgarit,greenpeppers, pineapple, tuna,harifpeppers, cheese, cheesemix
 corn,greenpeppers, cheese, tomato,cheesemix, peppers,onions
 greenpeppers, pineapple, tomato, harifpeppers,corn, pepperoni, blackolives, mushrooms
 greenpeppers,tomato,corn
 blackolives,tomato,cheese,harifpeppers, corn
 tomato,olives
 harifpeppers,olives,blackolives,peppers,tomato, bulgarit
tomato,cheesemix, peppers, corn,greenpeppers,anshoby, harifpeppers, olives
blackolives,greenpeppers,tuna, harifpeppers,cheese,mushrooms,bulgarit, corn
 bulgarit,blackolives, harifpeppers,tomato,cheese,tuna,greenpeppers,cheesemix
 pineapple,greenpeppers, corn
tomato, pineapple, onions, harifpeppers,anshoby,bulgarit, corn,blackolives,cheese,greenpeppers, peppers
peppers, cheesemix, olives, harifpeppers, corn, cheese
 tomato,tuna
 greenpeppers,harifpeppers, tuna, corn, onions,tomato
 bulgarit, olives,peppers, greenpeppers, onions, tomato, corn
tuna, tomato,mushrooms,olives, cheese, harifpeppers, pineapple,greenpeppers
 olives,corn, tomato,greenpeppers,harifpeppers,onions, tuna, cheesemix,peppers
 greenpeppers,olives,pineapple, peppers,anshoby, harifpeppers
 tuna,cheesemix, cheese, blackolives, corn,greenpeppers, harifpeppers
peppers,greenpeppers,cheese,harifpeppers, corn,tomato
harifpeppers,tuna,cheesemix, olives,mushrooms,tomato, pineapple
greenpeppers,pineapple,tuna,harifpeppers, olives, corn
 pepperoni,cheese,onions,anshoby, greenpeppers, bulgarit, tomato,corn,blackolives,harifpeppers
corn,olives, blackolives,tomato, harifpeppers,greenpeppers, tuna
 onions, pineapple, cheesemix, bulgarit
cheese,blackolives,tuna, bulgarit, cheesemix,corn,harifpeppers,greenpeppers
tomato,cheese, harifpeppers, corn,pineapple, mushrooms, tuna
tomato, greenpeppers,pineapple,corn, peppers, tuna,harifpeppers
 harifpeppers, onions,cheesemix, peppers, greenpeppers, tuna
 olives,bulgarit,corn,greenpeppers, anshoby, harifpeppers
 greenpeppers, corn,pepperoni,tomato, bulgarit
 mushrooms, anshoby,corn,cheesemix, bulgarit
 cheese,corn, pineapple,tuna, olives, anshoby,tomato,greenpeppers
cheese,pineapple,greenpeppers, harifpeppers,bulgarit, tomato, anshoby,onions, cheesemix
pepperoni,tuna, peppers,harifpeppers, bulgarit, tomato,corn,pineapple, mushrooms, olives
 anshoby,bulgarit,tomato,peppers, olives, harifpeppers, corn, greenpeppers,cheese
 harifpeppers, olives, corn, onions, tuna,cheese, tomato, pepperoni
peppers,bulgarit, corn, cheesemix,pineapple,greenpeppers, harifpeppers, anshoby, tomato
corn, cheese, tuna,pineapple,tomato,pepperoni
greenpeppers,blackolives,pineapple, tomato, pepperoni,cheese, harifpeppers, anshoby
 mushrooms, harifpeppers, cheese, greenpeppers, corn,bulgarit
 pepperoni, tomato, greenpeppers
cheese, tuna,corn,olives,greenpeppers, peppers, blackolives, pineapple,tomato
harifpeppers,olives,mushrooms, cheesemix, corn
onions, tomato,harifpeppers, greenpeppers,pepperoni,cheesemix,cheese,corn
 harifpeppers, tomato,cheese,mushrooms,pineapple, cheesemix, onions, bulgarit, tuna, olives, corn
 harifpeppers,mushrooms, tomato,peppers, onions, cheese, pineapple,corn, greenpeppers
 harifpeppers, greenpeppers, tomato, pineapple,cheese,cheesemix
tomato,harifpeppers, greenpeppers, onions,bulgarit,olives
tuna, tomato,pineapple, cheese,corn
 onions, peppers,anshoby, harifpeppers, tomato,tuna
 anshoby, cheesemix, bulgarit,cheese,harifpeppers, tomato,blackolives, greenpeppers,mushrooms,tuna
onions, greenpeppers, olives, tomato, harifpeppers,corn,cheese, cheesemix
 tomato,corn, blackolives, olives, mushrooms
 peppers, tomato, onions,tuna, harifpeppers
 tomato, peppers,cheese, corn, pineapple
 cheesemix, pepperoni, mushrooms, peppers, olives,tomato
pineapple,corn,olives,cheesemix,harifpeppers
onions, greenpeppers,pineapple,olives, bulgarit
harifpeppers,anshoby, corn,pepperoni,pineapple, cheese,tuna
 tomato, harifpeppers,corn, olives
olives,harifpeppers, cheese, cheesemix,greenpeppers,tomato,corn
cheese, tuna,harifpeppers,onions, corn
 cheese, harifpeppers, cheesemix,pineapple, greenpeppers, olives, tomato, tuna
 harifpeppers,mushrooms, greenpeppers
 pineapple, olives,harifpeppers, greenpeppers, cheese,anshoby,peppers,blackolives
olives,pineapple, harifpeppers, greenpeppers, corn, bulgarit
 olives,mushrooms,greenpeppers,pepperoni,cheese,corn, anshoby, pineapple
 greenpeppers, cheese,harifpeppers, tomato, cheesemix, corn,tuna,olives,anshoby
 onions, greenpeppers, cheesemix,cheese,anshoby, mushrooms,harifpeppers,olives, tomato, pineapple,corn
pepperoni, cheese,blackolives, greenpeppers, tomato, tuna, corn
tuna, harifpeppers, greenpeppers, corn,bulgarit, cheesemix,onions,pineapple
 greenpeppers,tuna,cheese, olives,tomato,corn
greenpeppers,blackolives, cheese, tomato, pineapple,olives,bulgarit, harifpeppers, mushrooms, tuna
onions,cheesemix, corn, greenpeppers,cheese, bulgarit, peppers, harifpeppers, anshoby, tuna
anshoby, pineapple,tomato,onions,olives,harifpeppers, greenpeppers
pineapple, greenpeppers, cheesemix,cheese, harifpeppers, corn, blackolives
 cheesemix, tomato,onions, greenpeppers,pineapple, cheese, corn, olives, anshoby
 greenpeppers, pineapple, olives,anshoby,onions, cheesemix, corn
 tuna, tomato, blackolives,greenpeppers, corn, harifpeppers,anshoby
 greenpeppers,olives,corn,cheese,blackolives, tomato
tuna,greenpeppers, olives, cheese, harifpeppers,bulgarit, anshoby, corn
olives,cheesemix,corn, tuna,greenpeppers, pineapple,tomato, anshoby
 cheesemix, cheese,tomato,blackolives,corn, pineapple,olives
 corn, bulgarit,anshoby, cheese, cheesemix
blackolives,bulgarit,tuna,anshoby, corn, harifpeppers, peppers, pineapple
bulgarit,blackolives, greenpeppers,olives, tomato, cheese,corn
tomato,corn,peppers,pineapple,cheesemix, olives,greenpeppers,anshoby, harifpeppers
greenpeppers, blackolives,tomato, harifpeppers, olives,cheesemix,pineapple
pineapple, cheese,bulgarit, tomato, greenpeppers, olives
 anshoby,greenpeppers, harifpeppers, olives,pineapple, peppers
tomato,blackolives, cheese, cheesemix,greenpeppers, corn
 anshoby,harifpeppers, pineapple, tomato,greenpeppers, cheese
greenpeppers,anshoby, corn, mushrooms, tomato, tuna
 tuna,onions, pineapple,olives,corn
harifpeppers, corn,tomato,cheese,greenpeppers,pineapple
cheesemix,peppers,onions, tuna,corn,greenpeppers,bulgarit,pepperoni,cheese,anshoby
 blackolives,anshoby,tomato,pineapple, greenpeppers,tuna,bulgarit,corn
tomato, cheese,tuna, corn,greenpeppers, onions,pineapple
cheese, olives, pepperoni, harifpeppers,corn,tuna, onions,anshoby
 cheese, cheesemix, onions, greenpeppers,harifpeppers, bulgarit,mushrooms, corn, tomato, olives
anshoby,peppers, cheese, greenpeppers, harifpeppers,cheesemix, pineapple
 bulgarit,greenpeppers,tomato, tuna, pineapple, corn,anshoby, olives
tuna,cheesemix, onions, corn,pepperoni,blackolives,tomato, cheese, harifpeppers, mushrooms
 pineapple, tuna, tomato, anshoby,olives, pepperoni,cheesemix, harifpeppers, greenpeppers,bulgarit
 peppers,harifpeppers,tuna,tomato
tomato,greenpeppers,tuna,anshoby, harifpeppers,pepperoni
 onions,peppers, harifpeppers, pepperoni, pineapple,tuna, greenpeppers, cheese,olives,blackolives,mushrooms
corn, pineapple,tuna,olives, tomato,bulgarit, greenpeppers
tuna, mushrooms, harifpeppers,greenpeppers,pineapple
 harifpeppers,corn,olives, greenpeppers, tuna,pepperoni
greenpeppers,tuna, pineapple, corn, tomato, harifpeppers, cheese, cheesemix
 tuna, corn,olives,harifpeppers, pineapple, tomato, anshoby, greenpeppers
cheese, peppers,corn,onions, tuna,blackolives, bulgarit,greenpeppers,tomato, pepperoni
 peppers,tomato,greenpeppers, bulgarit, harifpeppers,corn, anshoby
 mushrooms, cheese,corn,cheesemix, greenpeppers
cheesemix,pineapple,corn,blackolives, mushrooms,pepperoni, tomato, cheese, harifpeppers
greenpeppers, tuna, tomato,corn, harifpeppers,cheese
 bulgarit,cheese,blackolives, tomato,onions,cheesemix,tuna, greenpeppers, pineapple
greenpeppers, olives, tuna,peppers, anshoby, pineapple
corn, pineapple,harifpeppers,onions, anshoby, cheesemix, tuna
greenpeppers,cheese,corn,cheesemix,bulgarit
 cheesemix, greenpeppers, bulgarit, pineapple, tuna, tomato,harifpeppers
mushrooms, pineapple, olives, blackolives,corn
anshoby,corn, peppers, tuna,olives, pepperoni,tomato,blackolives, pineapple, cheese
pineapple,tuna, olives,cheesemix,corn, cheese,greenpeppers
 olives, corn, pineapple
tuna, bulgarit, greenpeppers, onions, pineapple, pepperoni, corn, harifpeppers
bulgarit,cheesemix,tomato,blackolives,onions, harifpeppers,greenpeppers
 corn,cheese, harifpeppers, cheesemix,anshoby,tomato,bulgarit
 peppers, cheesemix, pineapple, greenpeppers,tomato,cheese, harifpeppers,tuna
greenpeppers,olives, corn,blackolives, tuna,pineapple, tomato
 pineapple, corn,bulgarit, greenpeppers,pepperoni, tomato, olives, blackolives
harifpeppers,corn,tomato,bulgarit,onions,blackolives
cheese, pineapple, mushrooms,pepperoni, greenpeppers
 greenpeppers, tomato,corn,tuna,bulgarit,blackolives
 peppers, harifpeppers, mushrooms, blackolives,corn,pineapple,anshoby
 cheese, corn,tomato,olives, pineapple,greenpeppers,tuna
 peppers, onions,greenpeppers,harifpeppers, cheese, mushrooms, blackolives
 tomato, harifpeppers, corn, tuna,greenpeppers, bulgarit,mushrooms, pineapple, anshoby,olives
 tomato,greenpeppers,harifpeppers,cheese, bulgarit,cheesemix,pineapple
peppers, cheesemix,tomato, corn, greenpeppers, pineapple, blackolives, anshoby,olives,onions,mushrooms
 corn, onions, greenpeppers,harifpeppers, pineapple, bulgarit
 greenpeppers,tomato, cheesemix,bulgarit, harifpeppers,tuna
 cheese,olives, pepperoni,mushrooms,tuna, pineapple, peppers
 anshoby, greenpeppers,peppers,pineapple, mushrooms
 peppers, tomato, harifpeppers, corn,olives
 peppers,onions, harifpeppers, mushrooms, tuna,blackolives, pepperoni,tomato,corn,pineapple, cheese
 greenpeppers, peppers,cheese, onions,tomato,corn, pepperoni
 pineapple, tomato, blackolives, greenpeppers, onions
harifpeppers,olives,cheese,peppers,cheesemix, anshoby
 olives, harifpeppers, pineapple,greenpeppers,corn
mushrooms,cheese,greenpeppers, tomato,pepperoni, tuna,cheesemix, onions
greenpeppers,pepperoni, bulgarit,olives, cheese,anshoby,mushrooms,cheesemix, tomato
 cheese,greenpeppers, peppers,anshoby,harifpeppers, corn, onions
 anshoby,corn,harifpeppers, tuna, tomato, olives,cheese, onions,cheesemix
greenpeppers, cheese, olives,anshoby, pineapple, harifpeppers,tomato, blackolives
 onions,cheesemix
 harifpeppers,anshoby,onions, bulgarit, pineapple, olives,greenpeppers, tomato,peppers, corn
bulgarit, tomato,corn,cheese
 cheese, bulgarit,olives,harifpeppers, corn
 greenpeppers,corn, anshoby,cheese, tomato,olives
 corn, greenpeppers,tuna,blackolives, cheesemix, olives
tomato, harifpeppers,onions,pepperoni,olives,cheesemix,blackolives
greenpeppers, tuna, corn,cheesemix, harifpeppers,onions, olives, cheese
blackolives,pineapple,corn,onions, tomato,cheese,harifpeppers
pineapple,corn,greenpeppers,olives,cheese,tomato,cheesemix, bulgarit, harifpeppers, blackolives, onions
pepperoni, tomato,harifpeppers,greenpeppers, peppers, tuna,corn
harifpeppers, tuna,greenpeppers,pineapple,corn, tomato
greenpeppers, peppers, anshoby, cheese,harifpeppers, cheesemix,olives,corn
tuna,onions,harifpeppers, greenpeppers,tomato,peppers,cheese
 cheesemix, pineapple,corn,anshoby,cheese,greenpeppers, olives, blackolives, tuna,harifpeppers, tomato
tuna, corn, pineapple,cheese,olives,tomato,greenpeppers,cheesemix, anshoby
pineapple,bulgarit, peppers,corn,harifpeppers, tuna,tomato
anshoby, tomato, pepperoni, tuna,corn,bulgarit, cheese, cheesemix
 harifpeppers, greenpeppers,olives,cheesemix, cheese,blackolives
greenpeppers, pineapple, mushrooms,corn, harifpeppers
 onions, olives, blackolives, anshoby
 corn, pepperoni,olives,greenpeppers
tuna,corn, olives,peppers, bulgarit,mushrooms
pineapple,greenpeppers, bulgarit,tomato,corn
 greenpeppers,pineapple,tomato, mushrooms, tuna,corn
 corn, harifpeppers, pineapple, onions, olives,tomato
 cheesemix, peppers, greenpeppers, anshoby, tomato,pineapple,harifpeppers
bulgarit,olives,anshoby,greenpeppers, corn, harifpeppers
 pineapple,blackolives,corn,tomato, tuna, bulgarit
 anshoby,tomato,cheese, corn, tuna, peppers, harifpeppers,greenpeppers
greenpeppers, tomato, cheese, corn, cheesemix,anshoby, olives, tuna,mushrooms
tomato, blackolives, cheesemix,corn, pineapple, greenpeppers, tuna, cheese
corn, cheese, greenpeppers,tomato
 greenpeppers, tuna, tomato, peppers,pineapple, corn
 blackolives, anshoby,olives,corn, peppers,pineapple,tuna
 mushrooms, harifpeppers,tuna, cheese, corn, greenpeppers,tomato,olives, onions
 pineapple, blackolives, mushrooms,olives, harifpeppers,cheese, cheesemix
 harifpeppers,cheesemix, pineapple, tuna, bulgarit,greenpeppers, olives,corn
pineapple,corn, cheese, tuna,harifpeppers,greenpeppers, olives, mushrooms,pepperoni, tomato
 greenpeppers, tomato, tuna, harifpeppers,cheese, peppers, corn, anshoby
 greenpeppers, cheese, tuna,harifpeppers, corn, pineapple, bulgarit
 pineapple,tuna, cheese,olives, tomato, greenpeppers, harifpeppers,peppers, corn
tuna,corn,bulgarit,olives, harifpeppers,tomato, peppers,mushrooms, greenpeppers
bulgarit,anshoby,olives, tuna, cheesemix,greenpeppers, pineapple,cheese, tomato
 blackolives,corn, cheesemix, tuna,greenpeppers,bulgarit, peppers
 corn,harifpeppers, tuna, greenpeppers, olives, cheese,blackolives
 olives,cheesemix,tuna, greenpeppers, cheese,tomato
olives,harifpeppers, corn, pineapple, blackolives, tomato, pepperoni
greenpeppers,corn, tomato,blackolives, cheese,harifpeppers
mushrooms,greenpeppers, tomato, harifpeppers, olives, anshoby
tuna,greenpeppers, tomato,harifpeppers,cheese, blackolives,cheesemix
 cheesemix, peppers,corn,tuna,cheese
cheese,peppers,onions, greenpeppers, olives
 bulgarit,peppers, anshoby,greenpeppers,tomato
bulgarit, peppers, pineapple, corn, harifpeppers
 olives, tomato, pineapple, anshoby, peppers,harifpeppers,greenpeppers, tuna
bulgarit,tuna,greenpeppers, anshoby,mushrooms, harifpeppers, cheesemix, pineapple,blackolives, tomato
tomato,pineapple, mushrooms,olives, corn
 tomato, anshoby,cheesemix,olives,blackolives, greenpeppers, onions
cheesemix,cheese,olives,onions,pineapple,corn,tuna,greenpeppers
 pineapple,corn, olives,cheesemix, anshoby, bulgarit,tomato
 greenpeppers, tuna, olives
 pepperoni,olives, cheese, blackolives, tomato, greenpeppers
 pepperoni, tuna, corn,greenpeppers,harifpeppers
 tuna,peppers, cheese, onions, blackolives, mushrooms, corn,greenpeppers
corn, greenpeppers, pepperoni,blackolives, olives, onions, pineapple
 mushrooms,tomato, harifpeppers,cheese, corn,olives, greenpeppers
 greenpeppers,onions, corn, cheesemix,mushrooms,tuna, olives
greenpeppers,onions, corn,tuna, cheese, olives, anshoby
 onions,mushrooms,corn, tomato
 mushrooms, peppers, pineapple, tuna, corn, cheese, harifpeppers
cheese, onions, cheesemix, pineapple,blackolives, greenpeppers, corn,harifpeppers
greenpeppers, harifpeppers,anshoby, olives,cheesemix, tuna, tomato
 greenpeppers,tomato, bulgarit, pineapple,corn,cheese,olives
 anshoby,harifpeppers,pepperoni, greenpeppers, corn,tomato
 pineapple,greenpeppers, blackolives, tomato,olives, cheese
 corn, onions,pineapple, tomato
 anshoby,greenpeppers, tuna
pineapple, cheesemix,tomato, peppers, olives,harifpeppers
pineapple,anshoby, corn, tuna,tomato, bulgarit, olives
 pineapple, mushrooms,harifpeppers,anshoby, blackolives,corn, peppers, cheese
 pineapple, peppers,greenpeppers,anshoby, tuna,bulgarit
 peppers, corn,harifpeppers,cheesemix,greenpeppers, tomato
 tuna, olives,corn, cheese,greenpeppers,harifpeppers
anshoby,corn, harifpeppers, blackolives, olives,cheese,tuna, greenpeppers
 onions, blackolives,harifpeppers,tuna,corn, cheese
corn,pineapple,cheese, cheesemix, harifpeppers,pepperoni, onions,tomato
 harifpeppers,anshoby,corn, greenpeppers,tuna,olives
 onions, bulgarit, cheesemix, tuna
onions,bulgarit,corn, tuna,peppers,mushrooms,harifpeppers,cheese, blackolives, olives, pineapple
harifpeppers, onions, tomato,corn,greenpeppers, olives
corn, olives
blackolives,greenpeppers,corn,mushrooms, harifpeppers,tuna
pineapple,tuna,tomato,corn,greenpeppers, pepperoni,cheese,olives
mushrooms, harifpeppers,corn,greenpeppers, tomato,pineapple, cheese, peppers, tuna
 tuna,olives,mushrooms,greenpeppers
bulgarit,corn, onions, mushrooms, peppers,greenpeppers,tuna, tomato,pineapple
 anshoby,corn,greenpeppers,tomato, pineapple
 harifpeppers,bulgarit,blackolives, pineapple, peppers,olives, cheesemix, corn, greenpeppers,tuna
 olives,corn, cheese,harifpeppers, tomato,tuna,pepperoni,mushrooms,greenpeppers
tomato, tuna,onions, cheesemix,greenpeppers,cheese, pineapple
corn,pineapple, bulgarit,mushrooms, tomato, cheese
 harifpeppers,tomato,pineapple, bulgarit, olives,blackolives,tuna, corn, greenpeppers
pineapple,greenpeppers,tomato,tuna
 blackolives,greenpeppers, olives, corn, tuna,pineapple,harifpeppers
 mushrooms,greenpeppers, onions, cheese, olives
pineapple, harifpeppers,tuna,corn, greenpeppers, pepperoni,olives
 pepperoni, cheese,greenpeppers, tomato, harifpeppers, bulgarit,peppers
 tuna, harifpeppers,pineapple, tomato, cheese
 tuna, harifpeppers,cheese, onions, cheesemix, anshoby
greenpeppers, corn,blackolives, pepperoni, anshoby, olives,cheesemix
 bulgarit,tuna, blackolives
 greenpeppers, tuna,cheese,anshoby, mushrooms,harifpeppers, corn
onions, harifpeppers,pepperoni,greenpeppers, pineapple
greenpeppers,harifpeppers, olives, bulgarit, corn, tuna, tomato
tuna,pineapple,olives, greenpeppers, anshoby, cheese, mushrooms
 tuna, cheesemix,pepperoni, onions, harifpeppers,corn,olives,blackolives,greenpeppers
 cheesemix, olives,greenpeppers,pineapple,cheese,corn
 blackolives,greenpeppers, corn, tomato, tuna,olives
 olives, tomato, peppers, greenpeppers, corn
olives, tuna,onions, tomato, anshoby,corn,cheese, bulgarit
harifpeppers, cheese, tuna,corn,onions, anshoby, pepperoni, greenpeppers
 olives, corn,greenpeppers
olives, harifpeppers,anshoby, peppers, cheese,greenpeppers, tomato,mushrooms,corn
anshoby, olives,bulgarit, mushrooms, peppers,tomato,harifpeppers,pineapple, tuna, corn
cheesemix,greenpeppers, onions,tomato, harifpeppers
bulgarit,anshoby, corn, pineapple,tomato
pineapple,tomato, harifpeppers, tuna, olives,peppers, bulgarit,cheese
