pepperoni, mushrooms, onions
sausage, green peppers, pineapple
bacon, olives, tomatoes
chicken, jalapeños, artichokes
ham, spinach, feta cheese
pepperoni, mushrooms, onions
sausage, green peppers, pineapple
bacon, olives, tomatoes
chicken, jalapeños, artichokes
ham, spinach, feta cheese
pepperoni, mushrooms, onions
sausage, green peppers, pineapple
bacon, olives, tomatoes, cheese
chicken, jalapeños, artichokes
ham, spinach, feta cheese
pepperoni, mushrooms, onions
sausage, green peppers, pineapple

